[
  {
    "timestamp": [
      0.0,
      4.16
    ],
    "text": " This is a test to check the output of a transcription script."
  },
  {
    "timestamp": [
      4.16,
      7.86
    ],
    "text": " The goal is to drag and drop an audio file."
  },
  {
    "timestamp": [
      7.86,
      11.56
    ],
    "text": " Once that's done, a JSON is created."
  },
  {
    "timestamp": [
      11.56,
      15.86
    ],
    "text": " Next, an SRT file is made with intuition."
  },
  {
    "timestamp": [
      15.86,
      21.08
    ],
    "text": " Finally, keywords are generated to help you find an optimal video clip."
  }
]